id,title,content
1,"""Revolutionizing Agriculture with IoT and AI""","""Advances in IoT and AI are reshaping the agricultural sector, enabling precision farming, efficient resource management, and increased crop yields. This article dives into how these technologies are combating global food security challenges and creating sustainable farming practices.
Read more at: https://www.iotforagriculture.com/revolutionizing-agriculture-iot-ai"""
2,"""The Rise of Ethical AI: Balancing Innovation and Responsibility""","""As AI becomes an integral part of daily life, the need for ethical frameworks has never been greater. This article explores how governments, organizations, and tech companies are addressing issues like bias, accountability, and transparency to build trust in AI systems.
Read more at: https://www.ethicalai.org/innovation-responsibility"""
3,"""Next-Gen Wearables: Beyond Fitness Tracking""","""Wearable devices are evolving beyond step counters and heart rate monitors to include mental health tracking, chronic disease management, and even early illness detection. Learn how these innovations are changing personal healthcare.
Read more at: https://www.nextgenwearables.com/innovation"""
4,"""Revealing the Mysteries of the Deep Ocean""","""The deep ocean is one of the least explored frontiers on Earth, and scientists are now using cutting-edge robotics and AI to map its landscapes and study its unique ecosystems. This article examines the technology behind these explorations and the discoveries reshaping our understanding of marine life.
Read more at: https://www.oceandiscovery.com/deep-ocean-science"""
5,"""CRISPR 2.0: The Next Frontier in Gene Editing""","""CRISPR technology has revolutionized gene editing, and the next generation promises even more precise and effective treatments for genetic diseases. This article explains the latest advancements and their implications for medicine and biotechnology.
Read more at: https://www.genomicsjournal.com/crispr2.0"""
6,"""Fusion Energy: Powering the Future""","""Fusion energy, often described as the 'holy grail' of clean energy, is closer to becoming a reality. Discover the scientific breakthroughs and challenges in making fusion energy a viable and sustainable power source for the planet.
Read more at: https://www.energyfuture.org/fusion-power"""
7,"""Telemedicine 2.0: Beyond Virtual Consultations""","""Telemedicine is advancing rapidly, integrating AI tools to enhance diagnostic accuracy, monitor chronic conditions, and personalize healthcare plans. This article explores the technology and its potential to make healthcare more accessible and efficient.
Read more at: https://www.telehealthrevolution.com"""
8,"""The Link Between Sleep Quality and Longevity""","""Quality sleep is more than just rest; it's a vital factor in overall health and longevity. Learn about the latest research on how improving sleep patterns can reduce the risk of chronic diseases and enhance well-being.
Read more at: https://www.sleepandhealth"""
9,"""Gut Health and Its Impact on Mental Well-Being""","""Emerging studies highlight the connection between gut microbiota and mental health, showing how diet and probiotics can influence mood and cognitive function. This article delves into the science behind the gut-brain axis.
Read more at: https://www.healthandmind.com/gut-health"""
10,"""The Evolution of Storytelling in the Streaming Era""","""Streaming platforms have transformed how stories are told, with shorter seasons, experimental formats, and global storytelling trends dominating the landscape. This article explores how platforms like Netflix and Disney+ are redefining entertainment for a new generation.
Read more at: https://www.streamingculture.com/storytelling-evolution"""
11,"""The Resurgence of Live Music in a Post-Pandemic World""","""Live music is making a triumphant comeback, with artists and fans alike celebrating the return of in-person concerts. Discover how the music industry is embracing innovation, from hybrid events to immersive concert experiences, to keep audiences engaged.
Read more at: https://www.musicrevival.com/live-music-trends"""
12,"""AI in Hollywood: Changing the Face of Filmmaking""","""From de-aging actors to creating hyper-realistic CGI, AI is revolutionizing the way movies are made. This article examines the impact of AI on scriptwriting, production, and even audience engagement, while addressing ethical considerations.
Read more at: https://www.futurefilmmaking.com/ai-in-hollywood"""
13,"""The Rise of Analytics in Modern Sports""","""Advanced analytics are becoming a cornerstone of sports strategy, influencing everything from player recruitment to game tactics. Learn how data-driven insights are reshaping the world of professional sports.
Read more at: https://www.sportsanalyticspro.com/data-revolution"""
14,"""E-Sports: The Next Billion-Dollar Industry""","""Competitive gaming has exploded in popularity, attracting massive audiences and lucrative sponsorships. This article explores how e-sports are evolving, the challenges they face, and their growing recognition as legitimate sports.
Read more at: https://www.esportsnext.com/industry-growth"""
15,"""Sustainability in Sports: A Greener Future for Stadiums and Events""","""Major sports leagues are adopting eco-friendly practices to reduce their environmental footprint. From solar-powered stadiums to sustainable fan engagement, discover how sports are contributing to global sustainability efforts.
Read more at: https://www.greenstadiums.com/sustainability-sports"""